SNR(dB),MCS,Samples,PER
5.0,1,1,0.15734129154231966
6.0,1,1,0.030327651130451088
7.0,1,1,0.003312448242996203
8.0,1,1,0.0002968703614006031
9.0,1,1,0.0002353236484578457
10.0,1,1,0.00018749707035827564
