SNR(dB),MCS,Samples,PER
0.0,1,1,0.9981562788081436
1.0,1,1,0.996453180419056
