sent,received,snr,mcs,per
64001,53931,5,1,0.15734129154231966
64001,62060,6,1,0.030327651130451088
64001,63789,7,1,0.003312448242996203
64001,63982,8,1,0.0002968703614006031
63742,63727,9,1,0.0002353236484578457
64001,63989,10,1,0.00018749707035827564
