sent,received,snr,mcs,per
64001,118,0,1,0.9981562788081436
64001,227,1,1,0.996453180419056
